"district_code","district_name","school_start_date","grades_inperson_model","grades_hybrid_model","grades_remote_model","percent_students_fully_remote","total_number_students","predominant_model","organization_type","alliance_district","reporting_period","update_date"
"2190012","Regional School District 19","2020-09-09T00:00:00.000","N/A","g9, g10, g11, g12","N/A","25%","1103",,"Regional School Districts",,"September 7, 2020 - September 11, 2020","2020-09-17T00:00:00.000"
"0080011","Bethany School District","2020-09-02T00:00:00.000","PK, K, g1, g2, g3, g4, g5, g6","N/A","N/A","14%","368",,"Public School Districts",,"September 7, 2020 - September 11, 2020","2020-09-17T00:00:00.000"
"0010011","Andover School District","2020-09-08T00:00:00.000","PK, K, g1, g2, g3, g4, g5, g6","N/A","N/A","13%","175",,"Public School Districts",,"September 7, 2020 - September 11, 2020","2020-09-17T00:00:00.000"
"0020011","Ansonia School District","2020-09-02T00:00:00.000","PK","K, g1, g2, g3, g4, g5, g6, g7, g8, g9, g10, g11, g12","N/A","32%","2236",,"Public School Districts","Alliance","September 7, 2020 - September 11, 2020","2020-09-17T00:00:00.000"
"0030011","Ashford School District","2020-09-03T00:00:00.000","PK, K, g1, g2, g3, g4, g5, g6, g7, g8","N/A","N/A","30%","384",,"Public School Districts",,"September 7, 2020 - September 11, 2020","2020-09-17T00:00:00.000"
"0040011","Avon School District","2020-08-31T00:00:00.000","N/A","PK, K, g1, g2, g3, g4, g5, g6, g7, g8, g9, g10, g11, g12","N/A","19%","3142",,"Public School Districts",,"September 7, 2020 - September 11, 2020","2020-09-17T00:00:00.000"
"0046821","The Webb School in the Valley","2020-09-02T00:00:00.000","K, g1, g2, g3, g4, g5, g6, g7, g8, g9, g10, g11, g12","N/A","N/A","*","20",,"Approved Private Special Education Program",,"September 7, 2020 - September 11, 2020","2020-09-17T00:00:00.000"
"0046921","Oak Hill School at Farmington Valley Montessori","2020-07-06T00:00:00.000","PK, K, g1, g2, g3, g4, g5, g6, g7, g8, g9, g10, g11, g12","N/A","N/A","*","14",,"Approved Private Special Education Program",,"September 7, 2020 - September 11, 2020","2020-09-17T00:00:00.000"
"0050011","Barkhamsted School District","2020-08-31T00:00:00.000","K, g1, g2, g3, g4, g5, g6","N/A","N/A","12%","191",,"Public School Districts",,"September 7, 2020 - September 11, 2020","2020-09-17T00:00:00.000"
"0070011","Berlin School District","2020-09-08T00:00:00.000","PK, K, g1, g2, g3, g4, g5","g6, g7, g8, g9, g10, g11, g12","N/A","13%","2689",,"Public School Districts",,"September 7, 2020 - September 11, 2020","2020-09-17T00:00:00.000"
"0090011","Bethel School District","2020-09-08T00:00:00.000","N/A","PK, K, g1, g2, g3, g4, g5, g6, g7, g8, g9, g10, g11, g12","N/A","21%","3061",,"Public School Districts",,"September 7, 2020 - September 11, 2020","2020-09-17T00:00:00.000"
"0100161","Arch Bridge School","2020-08-27T00:00:00.000","g9, g10, g11, g12","N/A","N/A","*","11",,"Approved Private Special Education Program",,"September 7, 2020 - September 11, 2020","2020-09-17T00:00:00.000"
"0110011","Bloomfield School District","2020-09-08T00:00:00.000","N/A","PK, K, g1, g2, g3, g4, g5, g6, g7, g8, g9, g10, g11, g12","N/A","43%","2072",,"Public School Districts","Alliance","September 7, 2020 - September 11, 2020","2020-09-17T00:00:00.000"
"0120011","Bolton School District","2020-09-02T00:00:00.000","N/A","PK, K, g1, g2, g3, g4, g5, g6, g7, g8, g9, g10, g11, g12","N/A","19%","748",,"Public School Districts",,"September 7, 2020 - September 11, 2020","2020-09-17T00:00:00.000"
"0130011","Bozrah School District","2020-08-31T00:00:00.000","PK, K, g1, g2, g3","g4, g5, g6, g7, g8","N/A","24%","185",,"Public School Districts",,"September 7, 2020 - September 11, 2020","2020-09-17T00:00:00.000"
"0140011","Branford School District","2020-09-10T00:00:00.000","K","g1, g2, g3, g4","g5, g6, g7, g8, g9, g10, g11, g12","11%","2593",,"Public School Districts",,"September 7, 2020 - September 11, 2020","2020-09-17T00:00:00.000"
"0150011","Bridgeport School District","2020-09-08T00:00:00.000","PK, K, g1, g2, g3, g4, g5, g6, g7, g8","g9, g10, g11, g12","N/A","40%","19448",,"Public School Districts","Opportunity","September 7, 2020 - September 11, 2020","2020-09-17T00:00:00.000"
"0170011","Bristol School District","2020-09-08T00:00:00.000","PK, K, g1, g6, g9","N/A","g2, g3, g4, g5, g7, g8, g10, g11, g12","68%","7596",,"Public School Districts","Alliance","September 7, 2020 - September 11, 2020","2020-09-17T00:00:00.000"
"1670011","Woodbridge School District","2020-09-08T00:00:00.000","PK, K, g1, g2, g3, g4, g5, g6","N/A","N/A","26%","820",,"Public School Districts",,"September 7, 2020 - September 11, 2020","2020-09-17T00:00:00.000"
"0170561","Oak Hill School at Hartford Secondary","2020-07-06T00:00:00.000","g8, g9, g10, g11, g12","N/A","N/A","*","12",,"Approved Private Special Education Program",,"September 7, 2020 - September 11, 2020","2020-09-17T00:00:00.000"
"0170821","Connecticut Junior Republic-Bristol","2020-09-01T00:00:00.000","g8, g9, g11","N/A","g10, g12","*","10",,"Approved Private Special Education Program",,"September 7, 2020 - September 11, 2020","2020-09-17T00:00:00.000"
"0180011","Brookfield School District","2020-09-08T00:00:00.000","PK, K","g1, g2, g3, g4, g5, g6, g7, g8, g9, g10, g11, g12","N/A","19%","2554",,"Public School Districts",,"September 7, 2020 - September 11, 2020","2020-09-17T00:00:00.000"
"0190011","Brooklyn School District","2020-08-31T00:00:00.000","N/A","PK, K, g1, g2, g3, g4, g5, g6, g7, g8","N/A","26%","815",,"Public School Districts",,"September 7, 2020 - September 11, 2020","2020-09-17T00:00:00.000"
"0190161","The Learning Clinic","2020-09-08T00:00:00.000","N/A","g5, g6, g7, g8, g9, g10, g11, g12","N/A","*","35",,"Approved Private Special Education Program",,"September 7, 2020 - September 11, 2020","2020-09-17T00:00:00.000"
"0210011","Canaan School District","2020-09-08T00:00:00.000","K, g1, g2, g3, g4, g5, g6, g7, g8","N/A","N/A","25%","67",,"Public School Districts",,"September 7, 2020 - September 11, 2020","2020-09-17T00:00:00.000"
"0220011","Canterbury School District","2020-08-31T00:00:00.000","PK","K, g1, g2, g3, g4, g5, g6, g7, g8","N/A","15%","431",,"Public School Districts",,"September 7, 2020 - September 11, 2020","2020-09-17T00:00:00.000"
"0230011","Canton School District","2020-08-31T00:00:00.000","N/A","PK, K, g1, g2, g3, g4, g5, g6, g7, g8, g9, g10, g11, g12","N/A","14%","1538",,"Public School Districts",,"September 7, 2020 - September 11, 2020","2020-09-17T00:00:00.000"
"0230121","Fresh Start School","2020-08-26T00:00:00.000","g7, g8, g9, g10, g11, g12","N/A","N/A","*","16",,"Approved Private Special Education Program",,"September 7, 2020 - September 11, 2020","2020-09-17T00:00:00.000"
"0240011","Chaplin School District","2020-08-31T00:00:00.000","PK, K, g1, g2, g3, g4, g5, g6","N/A","N/A","12%","129",,"Public School Districts",,"September 7, 2020 - September 11, 2020","2020-09-17T00:00:00.000"
"0250011","Cheshire School District","2020-09-08T00:00:00.000","PK, K, g1, g2, g3, g4, g5, g6, g7, g8","g9, g10, g11, g12","N/A","15%","4179",,"Public School Districts",,"September 7, 2020 - September 11, 2020","2020-09-17T00:00:00.000"
"0250161","The Webb School at Cheshire","2020-09-02T00:00:00.000","g2, g3, g4, g5, g7","N/A","g6, g8","*","16",,"Approved Private Special Education Program",,"September 7, 2020 - September 11, 2020","2020-09-17T00:00:00.000"
"0260011","Chester School District","2020-09-01T00:00:00.000","N/A","K, g1, g2, g3, g4, g5, g6","N/A","14%","203",,"Public School Districts",,"September 7, 2020 - September 11, 2020","2020-09-17T00:00:00.000"
"0270011","Clinton School District","2020-09-08T00:00:00.000","N/A","PK, K, g1, g2, g3, g4, g5, g6, g7, g8, g9, g10, g11, g12","N/A","12%","1569",,"Public School Districts",,"September 7, 2020 - September 11, 2020","2020-09-17T00:00:00.000"
"0280011","Colchester School District","2020-09-08T00:00:00.000","N/A","PK, K, g1, g2, g3, g4, g5, g6, g7, g8, g9, g10, g11, g12","N/A","9%","2253",,"Public School Districts",,"September 7, 2020 - September 11, 2020","2020-09-17T00:00:00.000"
"0290011","Colebrook School District","2020-08-31T00:00:00.000","K, g1, g2, g3, g4, g5, g6","N/A","N/A","11%","74",,"Public School Districts",,"September 7, 2020 - September 11, 2020","2020-09-17T00:00:00.000"
"0300011","Columbia School District","2020-09-02T00:00:00.000","N/A","PK, K, g1, g2, g3, g4, g5, g6, g7, g8","N/A","16%","401",,"Public School Districts",,"September 7, 2020 - September 11, 2020","2020-09-17T00:00:00.000"
"0310011","Cornwall School District","2020-09-08T00:00:00.000","K, g1, g2, g3, g4, g5, g6, g7, g8","N/A","N/A","13%","103",,"Public School Districts",,"September 7, 2020 - September 11, 2020","2020-09-17T00:00:00.000"
"0320011","Coventry School District","2020-08-31T00:00:00.000","PK","K, g1, g2, g3, g4, g5, g6, g7, g8, g9, g10, g11, g12","N/A","12%","1604",,"Public School Districts",,"September 7, 2020 - September 11, 2020","2020-09-17T00:00:00.000"
"0330011","Cromwell School District","2020-08-31T00:00:00.000","N/A","PK, K, g1, g2, g3, g4, g5, g6, g7, g8, g9, g10, g11, g12","N/A","11%","1985",,"Public School Districts",,"September 7, 2020 - September 11, 2020","2020-09-17T00:00:00.000"
"0330161","Adelbrook-The Learning Center of Cromwell","2020-08-27T00:00:00.000","g5, g6, g7, g8, g9, g10, g11, g12","N/A","N/A","*","63",,"Approved Private Special Education Program",,"September 7, 2020 - September 11, 2020","2020-09-17T00:00:00.000"
"0340011","Danbury School District","2020-09-08T00:00:00.000","N/A","N/A","PK, K, g1, g2, g3, g4, g5, g6, g7, g8, g9, g10, g11, g12","100%","11831",,"Public School Districts","Alliance","September 7, 2020 - September 11, 2020","2020-09-17T00:00:00.000"
"0350011","Darien School District","2020-09-03T00:00:00.000","N/A","PK, K, g1, g2, g3, g4, g5, g6, g7, g8, g9, g10, g11, g12","N/A","5%","4669",,"Public School Districts",,"September 7, 2020 - September 11, 2020","2020-09-17T00:00:00.000"
"0360011","Deep River School District","2020-09-01T00:00:00.000","N/A","K, g1, g2, g3, g4, g5, g6","N/A","21%","219",,"Public School Districts",,"September 7, 2020 - September 11, 2020","2020-09-17T00:00:00.000"
"0360161","Connecticut Coastal Academy","2020-08-26T00:00:00.000","N/A","g6, g7, g8, g9, g10, g11, g12","N/A","*","29",,"Approved Private Special Education Program",,"September 7, 2020 - September 11, 2020","2020-09-17T00:00:00.000"
"0370011","Derby School District","2020-09-08T00:00:00.000","PK, K, g1, g2, g3, g4, g5, g6, g7, g8, g9, g10, g11, g12","N/A","N/A","28%","1224",,"Public School Districts","Opportunity","September 7, 2020 - September 11, 2020","2020-09-17T00:00:00.000"
"0380261","Rushford Academy","2020-08-31T00:00:00.000","g9, g10, g11, g12","N/A","N/A","*","12",,"Approved Private Special Education Program",,"September 7, 2020 - September 11, 2020","2020-09-17T00:00:00.000"
"0390011","Eastford School District","2020-08-31T00:00:00.000","PK, K, g1, g2, g3, g4, g5, g6, g7, g8","N/A","N/A","11%","138",,"Public School Districts",,"September 7, 2020 - September 11, 2020","2020-09-17T00:00:00.000"
"0400011","East Granby School District","2020-08-31T00:00:00.000","N/A","K, g1, g2, g3, g4, g5, g6, g7, g8, g9, g10, g11, g12","N/A","18%","829",,"Public School Districts",,"September 7, 2020 - September 11, 2020","2020-09-17T00:00:00.000"
"0410011","East Haddam School District","2020-09-01T00:00:00.000","PK, K, g1, g2, g3, g4, g5, g6, g7, g8, g9, g10, g11, g12","N/A","N/A","26%","936",,"Public School Districts",,"September 7, 2020 - September 11, 2020","2020-09-17T00:00:00.000"
"0420011","East Hampton School District","2020-09-08T00:00:00.000","N/A","PK, K, g1, g2, g3, g4, g5, g6, g7, g8, g9, g10, g11, g12","N/A","10%","1824",,"Public School Districts",,"September 7, 2020 - September 11, 2020","2020-09-17T00:00:00.000"
"0430011","East Hartford School District","2020-08-31T00:00:00.000","N/A","PK, K, g1, g2, g3, g4, g5, g6, g7, g8, g9, g10, g11, g12","N/A","41%","6461",,"Public School Districts","Opportunity","September 7, 2020 - September 11, 2020","2020-09-17T00:00:00.000"
"0430121","Adelbrook-The Learning Center of East Hartford","2020-08-27T00:00:00.000","g6, g7, g8, g9, g10, g11, g12","N/A","N/A","*","19",,"Approved Private Special Education Program",,"September 7, 2020 - September 11, 2020","2020-09-17T00:00:00.000"
"0440011","East Haven School District","2020-09-08T00:00:00.000","PK, K, g1, g2, g3, g4, g5, g6, g7, g8, g9, g10, g11, g12","N/A","N/A","24%","2677",,"Public School Districts","Opportunity","September 7, 2020 - September 11, 2020","2020-09-17T00:00:00.000"
"0440221","Pathways Academy - East Haven","2020-09-03T00:00:00.000","g6, g7, g8, g9, g10, g11, g12","N/A","N/A","43%","23",,"Approved Private Special Education Program",,"September 7, 2020 - September 11, 2020","2020-09-17T00:00:00.000"
"0450011","East Lyme School District","2020-08-31T00:00:00.000","PK","K, g1, g2, g3, g4, g5, g6, g7, g8, g9, g10, g11, g12","N/A","10%","2611",,"Public School Districts",,"September 7, 2020 - September 11, 2020","2020-09-17T00:00:00.000"
"0450161","The Light House on Main St","2020-08-26T00:00:00.000","N/A","g10, g11","g9, g12","*","12",,"Approved Private Special Education Program",,"September 7, 2020 - September 11, 2020","2020-09-17T00:00:00.000"
"0450261","The Light House on Pennsylvania Ave","2020-08-26T00:00:00.000","N/A","g3, g7, g8, g9, g12","N/A","*","8",,"Approved Private Special Education Program",,"September 7, 2020 - September 11, 2020","2020-09-17T00:00:00.000"
"0460011","Easton School District","2020-09-08T00:00:00.000","N/A","PK, K, g1, g2, g3, g4, g5, g6, g7, g8","N/A","12%","855",,"Public School Districts",,"September 7, 2020 - September 11, 2020","2020-09-17T00:00:00.000"
"0460161","The Speech Academy-Easton","2020-09-02T00:00:00.000","g1, g2, g3, g5, g8, g9","N/A","g4, g6, g7, g10, g11, g12","38%","47",,"Approved Private Special Education Program",,"September 7, 2020 - September 11, 2020","2020-09-17T00:00:00.000"
"0470011","East Windsor School District","2020-09-03T00:00:00.000","N/A","PK, K, g1, g2, g3, g4, g5, g6, g7, g8, g9, g10, g11, g12","N/A","33%","1039",,"Public School Districts","Alliance","September 7, 2020 - September 11, 2020","2020-09-17T00:00:00.000"
"0480011","Ellington School District","2020-09-08T00:00:00.000","N/A","PK, K, g1, g2, g3, g4, g5, g6, g7, g8, g9, g10, g11, g12","N/A","20%","2659",,"Public School Districts",,"September 7, 2020 - September 11, 2020","2020-09-17T00:00:00.000"
"0490011","Enfield School District","2020-09-08T00:00:00.000","N/A","PK, K, g1, g2, g3, g4, g5, g6, g7, g8, g9, g10, g11, g12","N/A","25%","4892",,"Public School Districts",,"September 7, 2020 - September 11, 2020","2020-09-17T00:00:00.000"
"0490161","Natchaug Hospital School Joshua Center-Enfield","2020-08-31T00:00:00.000","g9, g10, g11, g12","N/A","N/A","*","9",,"Approved Private Special Education Program",,"September 7, 2020 - September 11, 2020","2020-09-17T00:00:00.000"
"0500011","Essex School District","2020-09-01T00:00:00.000","N/A","PK, K, g1, g2, g3, g4, g5, g6","N/A","11%","305",,"Public School Districts",,"September 7, 2020 - September 11, 2020","2020-09-17T00:00:00.000"
"0510011","Fairfield School District","2020-09-08T00:00:00.000","N/A","PK, K, g1, g2, g3, g4, g5, g6, g7, g8, g9, g10, g11, g12","N/A","12%","9408",,"Public School Districts",,"September 7, 2020 - September 11, 2020","2020-09-17T00:00:00.000"
"0516061","Saint Catherine Academy","2020-09-02T00:00:00.000","g4, g8, g10, g11, g12","N/A","g9","*","13",,"Approved Private Special Education Program",,"September 7, 2020 - September 11, 2020","2020-09-17T00:00:00.000"
"0520011","Farmington School District","2020-09-02T00:00:00.000","PK","K, g1, g2, g3, g4, g5, g6, g7, g8, g9, g10, g11, g12","N/A","23%","4082",,"Public School Districts",,"September 7, 2020 - September 11, 2020","2020-09-17T00:00:00.000"
"0530011","Franklin School District","2020-09-01T00:00:00.000","PK, K, g1, g2, g3, g4, g5, g6, g7, g8","N/A","N/A","7%","162",,"Public School Districts",,"September 7, 2020 - September 11, 2020","2020-09-17T00:00:00.000"
"0530121","Natchaug Hospital Green Valley School","2020-08-31T00:00:00.000","g1, g2, g3, g4, g5, g6, g7","N/A","N/A","*","29",,"Approved Private Special Education Program",,"September 7, 2020 - September 11, 2020","2020-09-17T00:00:00.000"
"0540011","Glastonbury School District","2020-09-01T00:00:00.000","PK, K, g1, g2, g3, g4, g5","g6, g7, g8, g9, g10, g11, g12","N/A","19%","5754",,"Public School Districts",,"September 7, 2020 - September 11, 2020","2020-09-17T00:00:00.000"
"0560011","Granby School District","2020-09-01T00:00:00.000","PK","K, g1, g2, g3, g4, g5, g6, g7, g8, g9, g10, g11, g12","N/A","17%","1721",,"Public School Districts",,"September 7, 2020 - September 11, 2020","2020-09-17T00:00:00.000"
"0570011","Greenwich School District","2020-09-09T00:00:00.000","PK, K, g1, g2, g3, g4, g5, g6, g7, g8","g9, g10, g11, g12","N/A","17%","8792",,"Public School Districts",,"September 7, 2020 - September 11, 2020","2020-09-17T00:00:00.000"
"0570161","Eagle Hill School","2020-09-02T00:00:00.000","K, g1, g2, g3, g4, g5, g6, g7, g8","N/A","N/A","*","*",,"Approved Private Special Education Program",,"September 7, 2020 - September 11, 2020","2020-09-17T00:00:00.000"
"0580011","Griswold School District","2020-09-02T00:00:00.000","PK","K, g1, g2, g3, g4, g5, g6, g7, g8, g9, g10, g11, g12","N/A","21%","1673",,"Public School Districts",,"September 7, 2020 - September 11, 2020","2020-09-17T00:00:00.000"
"0590011","Groton School District","2020-09-08T00:00:00.000","N/A","g1, g2, g3, g4, g5, g9, g10, g11, g12","g6, g7, g8","47%","3603",,"Public School Districts","Alliance","September 7, 2020 - September 11, 2020","2020-09-17T00:00:00.000"
"0600011","Guilford School District","2020-09-10T00:00:00.000","N/A","PK, K, g1, g2, g3, g4, g5, g6, g7, g8, g9, g10, g11, g12","N/A","11%","3096",,"Public School Districts",,"September 7, 2020 - September 11, 2020","2020-09-17T00:00:00.000"
"0620011","Hamden School District","2020-09-15T00:00:00.000","N/A","N/A","N/A","N/A","N/A",,"Public School Districts","Alliance","September 7, 2020 - September 11, 2021","2020-09-17T00:00:00.000"
"0620261","Cedarhurst School","2020-09-08T00:00:00.000","N/A","N/A","g6, g7, g8, g9, g10, g11, g12","100%","60",,"Approved Private Special Education Program",,"September 7, 2020 - September 11, 2020","2020-09-17T00:00:00.000"
"0620361","Whitney Hall School","2020-08-26T00:00:00.000","g4, g5, g6, g7, g9, g10, g11, g12","N/A","g8","23%","66",,"Approved Private Special Education Program",,"September 7, 2020 - September 11, 2020","2020-09-17T00:00:00.000"
"0626161","Lorraine D. Foster Day School","2020-09-02T00:00:00.000","N/A","N/A","g7, g8, g9, g10, g11, g12","*","16",,"Approved Private Special Education Program",,"September 7, 2020 - September 11, 2020","2020-09-17T00:00:00.000"
"0630011","Hampton School District","2020-09-02T00:00:00.000","PK, K, g1, g2, g3, g4, g5, g6","N/A","N/A","12%","78",,"Public School Districts",,"September 7, 2020 - September 11, 2020","2020-09-17T00:00:00.000"
"0640011","Hartford School District","2020-09-09T00:00:00.000","g9","g12","PK, K, g1, g2, g3, g4, g5, g6, g7, g8, g10, g11","56%","17655",,"Public School Districts","Opportunity","September 7, 2020 - September 11, 2020","2020-09-17T00:00:00.000"
"0640261","Grace S. Webb School","2020-09-02T00:00:00.000","K, g1, g2, g3, g4, g5, g6, g7, g8, g9, g10, g11, g12","N/A","N/A","28%","99",,"Approved Private Special Education Program",,"September 7, 2020 - September 11, 2020","2020-09-17T00:00:00.000"
"0642061","Eagle House Education Program","2020-09-01T00:00:00.000","K, g1, g2, g3, g4, g5, g6, g7, g8","N/A","N/A","*","13",,"Approved Private Special Education Program",,"September 7, 2020 - September 11, 2020","2020-09-17T00:00:00.000"
"0642161","High Road School of Hartford High","2020-08-31T00:00:00.000","N/A","g8, g9, g10, g11, g12","N/A","48%","29",,"Approved Private Special Education Program",,"September 7, 2020 - September 11, 2020","2020-09-17T00:00:00.000"
"0642261","High Road School of Hartford-Primary","2020-08-31T00:00:00.000","N/A","g2, g3, g4, g5, g6, g7, g8","N/A","38%","37",,"Approved Private Special Education Program",,"September 7, 2020 - September 11, 2020","2020-09-17T00:00:00.000"
"0646061","Futures School-West Hartford","2020-08-31T00:00:00.000","N/A","g9, g10, g11, g12","N/A","50%","32",,"Approved Private Special Education Program",,"September 7, 2020 - September 11, 2020","2020-09-17T00:00:00.000"
"0646161","Options Educational Services","2020-08-31T00:00:00.000","g6, g7, g8, g9, g10, g11, g12","N/A","N/A",,"20",,"Approved Private Special Education Program",,"September 7, 2020 - September 11, 2020","2020-09-17T00:00:00.000"
"0650011","Hartland School District","2020-08-31T00:00:00.000","PK, K, g1, g2, g3, g4, g5, g6, g7, g8","N/A","N/A","12%","144",,"Public School Districts",,"September 7, 2020 - September 11, 2020","2020-09-17T00:00:00.000"
"0670011","Hebron School District","2020-09-08T00:00:00.000","N/A","PK, K, g1, g2, g3, g4, g5, g6","N/A","16%","637",,"Public School Districts",,"September 7, 2020 - September 11, 2020","2020-09-17T00:00:00.000"
"0670221","Oak Hill School at Hemlocks Center","2020-07-06T00:00:00.000","g7, g8, g9, g10, g11, g12","N/A","N/A","*","9",,"Approved Private Special Education Program",,"September 7, 2020 - September 11, 2020","2020-09-17T00:00:00.000"
"0680011","Kent School District","2020-09-08T00:00:00.000","PK, K, g1, g2, g3, g4, g5, g6, g7, g8","N/A","N/A","10%","207",,"Public School Districts",,"September 7, 2020 - September 11, 2020","2020-09-17T00:00:00.000"
"0690011","Killingly School District","2020-08-31T00:00:00.000","PK, K, g1","g2, g3, g4, g5, g6, g7, g8, g9, g10, g11, g12","N/A","25%","2449",,"Public School Districts","Alliance","September 7, 2020 - September 11, 2020","2020-09-17T00:00:00.000"
"0690161","Natchaug Hospital School Joshua Center NE-Danielson","2020-08-31T00:00:00.000","g8, g9, g10, g11, g12","N/A","N/A","*","11",,"Approved Private Special Education Program",,"September 7, 2020 - September 11, 2020","2020-09-17T00:00:00.000"
"0690421","High Road School Hartford High: Windham County","2020-08-27T00:00:00.000","g7, g8, g9, g10, g11, g12","N/A","N/A","*","*",,"Approved Private Special Education Program",,"September 7, 2020 - September 11, 2020","2020-09-17T00:00:00.000"
"0710011","Lebanon School District","2020-09-08T00:00:00.000","N/A","PK, K, g1, g2, g3, g4, g5, g6, g7, g8, g9, g10, g11, g12","N/A","19%","966",,"Public School Districts",,"September 7, 2020 - September 11, 2020","2020-09-17T00:00:00.000"
"0720011","Ledyard School District","2020-09-01T00:00:00.000","N/A","PK, K, g1, g2, g3, g4, g5, g6, g7, g8, g9, g10, g11, g12","N/A","17%","2342",,"Public School Districts",,"September 7, 2020 - September 11, 2020","2020-09-17T00:00:00.000"
"0730011","Lisbon School District","2020-09-01T00:00:00.000","N/A","PK, K, g1, g2, g3, g4, g5, g6, g7, g8","N/A","16%","426",,"Public School Districts",,"September 7, 2020 - September 11, 2020","2020-09-17T00:00:00.000"
"0740011","Litchfield School District","2020-08-26T00:00:00.000","PK, K, g1, g2, g3, g4, g5, g6, g7, g8, g9, g10, g11, g12","N/A","N/A","8%","841",,"Public School Districts",,"September 7, 2020 - September 11, 2020","2020-09-17T00:00:00.000"
"0740161","Connecticut Junior Republic","2020-09-01T00:00:00.000","g6, g7, g8, g9, g10, g11, g12","N/A","N/A",,"46",,"Approved Private Special Education Program",,"September 7, 2020 - September 11, 2020","2020-09-17T00:00:00.000"
"0740461","Touchstone School","2020-08-31T00:00:00.000","PK, g7, g8, g9, g10, g11, g12","N/A","N/A","*","7",,"Approved Private Special Education Program",,"September 7, 2020 - September 11, 2020","2020-09-17T00:00:00.000"
"0760011","Madison School District","2020-09-03T00:00:00.000","N/A","PK, K, g1, g2, g3, g4, g5, g6, g7, g8, g9, g10, g11, g12","N/A","7%","2472",,"Public School Districts",,"September 7, 2020 - September 11, 2020","2020-09-17T00:00:00.000"
"0760161","Grove School","2020-09-10T00:00:00.000","g7, g8, g9, g10, g11, g12","N/A","N/A","*","91",,"Approved Private Special Education Program",,"September 7, 2020 - September 11, 2020","2020-09-17T00:00:00.000"
"0770011","Manchester School District","2020-09-08T00:00:00.000","N/A","PK, K, g1, g2, g3, g4, g5, g6, g7, g8, g9, g10, g11, g12","N/A","29%","5953",,"Public School Districts","Alliance","September 7, 2020 - September 11, 2020","2020-09-17T00:00:00.000"
"0770161","Community Child Guidance Clinic School","2020-09-08T00:00:00.000","N/A","PK, K, g1, g2, g3, g4, g5, g6, g7, g8","N/A","26%","46",,"Approved Private Special Education Program",,"September 7, 2020 - September 11, 2020","2020-09-17T00:00:00.000"
"0770221","Adelbrook-The Learning Center of Manchester","2020-08-27T00:00:00.000","g1, g2, g3, g4, g5, g6","N/A","N/A","*","31",,"Approved Private Special Education Program",,"September 7, 2020 - September 11, 2020","2020-09-17T00:00:00.000"
"0770361","Manchester Memorial Hospital Clinical Day School","2020-09-03T00:00:00.000","N/A","g7, g8, g9, g10, g11, g12","N/A","22%","27",,"Approved Private Special Education Program",,"September 7, 2020 - September 11, 2020","2020-09-17T00:00:00.000"
"0780011","Mansfield School District","2020-09-03T00:00:00.000","PK","K, g1, g2, g3, g4, g5, g6, g7, g8","N/A","28%","1041",,"Public School Districts",,"September 7, 2020 - September 11, 2020","2020-09-17T00:00:00.000"
"0780161","Natchaug Hospital Inpatient School","2020-08-31T00:00:00.000","N/A","N/A","N/A","N/A","0",,"Approved Private Special Education Program",,"September 7, 2020 - September 11, 2020","2020-09-17T00:00:00.000"
"0780361","Natchaug Hospital Journey School","2020-08-31T00:00:00.000","g9, g10","N/A","N/A","*","*",,"Approved Private Special Education Program",,"September 7, 2020 - September 11, 2020","2020-09-17T00:00:00.000"
"0790011","Marlborough School District","2020-09-08T00:00:00.000","PK, K, g1, g2, g3, g4, g5, g6","N/A","N/A","13%","442",,"Public School Districts",,"September 7, 2020 - September 11, 2020","2020-09-17T00:00:00.000"
"0800011","Meriden School District","2020-09-03T00:00:00.000","PK, K, g1, g2, g3, g4, g5, g6, g7, g8","g9, g10, g11, g12","N/A","40%","7895",,"Public School Districts","Alliance","September 7, 2020 - September 11, 2020","2020-09-17T00:00:00.000"
"0800161","Meliora Academy","2020-09-08T00:00:00.000","g6, g8, g9, g10, g11, g12","g3","g1, g4, g7","20%","50",,"Approved Private Special Education Program",,"September 7, 2020 - September 11, 2020","2020-09-17T00:00:00.000"
"0830011","Middletown School District","2020-09-03T00:00:00.000","N/A","PK, K, g1, g2, g3, g4, g5, g6, g7, g8, g9, g10, g11, g12","N/A","29%","4258",,"Public School Districts","Alliance","September 7, 2020 - September 11, 2020","2020-09-17T00:00:00.000"
"0840011","Milford School District","2020-09-08T00:00:00.000","N/A","PK, K, g1, g2, g3, g4, g5, g6, g7, g8, g9, g10, g11, g12","N/A","16%","5444",,"Public School Districts",,"September 7, 2020 - September 11, 2020","2020-09-17T00:00:00.000"
"0840161","Charles F. Hayden School at Boys & Girls Village","2020-08-24T00:00:00.000","K, g1, g2, g3, g4, g5, g6, g7, g8, g9, g10, g11, g12","N/A","N/A","21%","86",,"Approved Private Special Education Program",,"September 7, 2020 - September 11, 2020","2020-09-17T00:00:00.000"
"0840461","Milestones Behavioral Services-Orange","2020-08-27T00:00:00.000","g4, g5, g6, g7, g8, g9, g10, g11, g12","N/A","N/A","*","32",,"Approved Private Special Education Program",,"September 7, 2020 - September 11, 2020","2020-09-17T00:00:00.000"
"0840561","Milestones Behavioral Services-Milford","2020-08-27T00:00:00.000","K, g1, g2, g3, g4, g5, g6, g7, g8, g9, g10, g11, g12","N/A","N/A","18%","61",,"Approved Private Special Education Program",,"September 7, 2020 - September 11, 2020","2020-09-17T00:00:00.000"
"0846061","The Foundation School-Milford","2020-09-08T00:00:00.000","g8, g9, g10, g11, g12","N/A","N/A","27%","33",,"Approved Private Special Education Program",,"September 7, 2020 - September 11, 2020","2020-09-17T00:00:00.000"
"0846161","Woodhouse Academy","2020-08-31T00:00:00.000","N/A","g6, g7, g8, g9, g10, g11, g12","N/A","*","19",,"Approved Private Special Education Program",,"September 7, 2020 - September 11, 2020","2020-09-17T00:00:00.000"
"0850011","Monroe School District","2020-09-01T00:00:00.000","N/A","PK, K, g1, g2, g3, g4, g5, g6, g7, g8, g9, g10, g11, g12","N/A","11%","3156",,"Public School Districts",,"September 7, 2020 - September 11, 2020","2020-09-17T00:00:00.000"
"0860011","Montville School District","2020-09-08T00:00:00.000","N/A","PK, K, g1, g2, g3, g4, g5, g6, g7, g8, g9, g10, g11, g12","N/A","21%","1926",,"Public School Districts",,"September 7, 2020 - September 11, 2020","2020-09-17T00:00:00.000"
"0860221","Bradley School-New London Regional","2020-09-01T00:00:00.000","K, g1, g2, g3, g4, g5, g6, g7, g8, g9, g10, g11, g12","N/A","N/A","19%","53",,"Approved Private Special Education Program",,"September 7, 2020 - September 11, 2020","2020-09-17T00:00:00.000"
"0880011","Naugatuck School District","2020-09-02T00:00:00.000","PK, K, g1, g2, g3, g4, g5, g6","g7, g8, g9, g10, g11, g12","N/A","32%","4267",,"Public School Districts","Alliance","September 7, 2020 - September 11, 2020","2020-09-17T00:00:00.000"
"0880521","IPPI Learning Academy at Prospect St. School","2020-09-03T00:00:00.000","N/A","N/A","K, g1, g2, g3, g4, g5, g6, g7, g8, g9, g10, g11, g12","*","22",,"Approved Private Special Education Program",,"September 7, 2020 - September 11, 2020","2020-09-17T00:00:00.000"
"0890011","New Britain School District","2020-09-08T00:00:00.000","PK","K, g1, g2, g3, g4, g5, g6, g7, g8, g9, g10, g11, g12","N/A","32%","9759",,"Public School Districts","Opportunity","September 7, 2020 - September 11, 2020","2020-09-17T00:00:00.000"
"0890261","Oak Hill School at Bristol","2020-07-06T00:00:00.000","PK, K, g1, g2, g3, g4, g5, g6, g7, g8, g9, g10, g11, g12","N/A","N/A","39%","31",,"Approved Private Special Education Program",,"September 7, 2020 - September 11, 2020","2020-09-17T00:00:00.000"
"0890361","Raymond Hill School","2020-08-31T00:00:00.000","g1, g3, g4, g6, g8, g9, g10","N/A","g2, g5, g7","40%","89",,"Approved Private Special Education Program",,"September 7, 2020 - September 11, 2020","2020-09-17T00:00:00.000"
"0890461","Solterra Academy","2020-08-27T00:00:00.000","PK, K, g1, g2, g3, g4, g5, g6, g7, g8, g9, g10, g11, g12","N/A","N/A","31%","163",,"Approved Private Special Education Program",,"September 7, 2020 - September 11, 2020","2020-09-17T00:00:00.000"
"0895161","Oak Hill School at Hartford Primary","2020-07-06T00:00:00.000","PK, K, g1, g2, g3, g4, g5, g6, g7, g8, g9, g10, g11, g12","N/A","N/A","*","14",,"Approved Private Special Education Program",,"September 7, 2020 - September 11, 2020","2020-09-17T00:00:00.000"
"0900011","New Canaan School District","2020-08-31T00:00:00.000","PK","K, g1, g2, g3, g4, g5, g6, g7, g8, g9, g10, g11, g12","N/A","7%","4237",,"Public School Districts",,"September 7, 2020 - September 11, 2020","2020-09-17T00:00:00.000"
"0910011","New Fairfield School District","2020-09-02T00:00:00.000","K, g1, g2, g3, g4, g5, g6, g7, g8","g9, g10, g11, g12","N/A","17%","2137",,"Public School Districts",,"September 7, 2020 - September 11, 2020","2020-09-17T00:00:00.000"
"0920011","New Hartford School District","2020-08-31T00:00:00.000","PK, K, g1, g2, g3, g4, g5, g6","N/A","N/A","12%","419",,"Public School Districts",,"September 7, 2020 - September 11, 2020","2020-09-17T00:00:00.000"
"0920161","Oak Hill School at Ann Antolini School","2020-07-06T00:00:00.000","PK, K, g1, g2, g3, g4, g5, g6, g7, g8","N/A","N/A","*","10",,"Approved Private Special Education Program",,"September 7, 2020 - September 11, 2020","2020-09-17T00:00:00.000"
"0930011","New Haven School District","2020-09-03T00:00:00.000","N/A","N/A","PK, K, g1, g2, g3, g4, g5, g6, g7, g8, g9, g10, g11, g12","100%","20217",,"Public School Districts","Opportunity","September 7, 2020 - September 11, 2020","2020-09-17T00:00:00.000"
"0930661","Chapel Haven Schleifer Center, Inc.","2020-09-14T00:00:00.000","N/A","g12","N/A","*","*",,"Approved Private Special Education Program",,"September 7, 2020 - September 11, 2020","2020-09-17T00:00:00.000"
"0931461","Yale Child Study Center School","2020-09-08T00:00:00.000","K, g1, g2, g3, g4, g5, g6, g7, g8, g9","N/A","N/A","*","12",,"Approved Private Special Education Program",,"September 7, 2020 - September 11, 2020","2020-09-17T00:00:00.000"
"0940011","Newington School District","2020-08-31T00:00:00.000","PK","K, g1, g2, g3, g4, g5, g6, g7, g8, g9, g10, g11, g12","N/A","21%","3954",,"Public School Districts",,"September 7, 2020 - September 11, 2020","2020-09-17T00:00:00.000"
"0950011","New London School District","2020-09-10T00:00:00.000","PK","K, g1, g2, g3, g4, g5, g6, g7, g8, g9, g10, g11, g12","N/A","31%","3263",,"Public School Districts","Opportunity","September 7, 2020 - September 11, 2020","2020-09-17T00:00:00.000"
"0950161","Connecticut College Child Development Lab School","2020-08-26T00:00:00.000","PK","N/A","N/A",,"56",,"Approved Private Special Education Program",,"September 7, 2020 - September 11, 2020","2020-09-17T00:00:00.000"
"0950421","High Road School of New London Middle/High School","2020-09-02T00:00:00.000","N/A","g7, g8, g9, g10, g11, g12","N/A","*","17",,"Approved Private Special Education Program",,"September 7, 2020 - September 11, 2020","2020-09-17T00:00:00.000"
"0960011","New Milford School District","2020-09-08T00:00:00.000","N/A","PK, K, g1, g2, g3, g4, g5, g6, g7, g8, g9, g10, g11, g12","N/A","20%","3752",,"Public School Districts",,"September 7, 2020 - September 11, 2020","2020-09-17T00:00:00.000"
"0970011","Newtown School District","2020-09-03T00:00:00.000","PK","K, g1, g2, g3, g4, g5, g6, g7, g8, g9, g10, g11, g12","N/A","12%","4036",,"Public School Districts",,"September 7, 2020 - September 11, 2020","2020-09-17T00:00:00.000"
"0980011","Norfolk School District","2020-09-02T00:00:00.000","PK, K, g1, g2, g3, g4, g5, g6","N/A","N/A","11%","80",,"Public School Districts",,"September 7, 2020 - September 11, 2020","2020-09-17T00:00:00.000"
"0990011","North Branford School District","2020-09-08T00:00:00.000","PK, K, g1, g2, g3, g4, g5, g6, g7, g8, g9, g10, g11, g12","N/A","N/A","10%","1647",,"Public School Districts",,"September 7, 2020 - September 11, 2020","2020-09-17T00:00:00.000"
"1000011","North Canaan School District","2020-09-08T00:00:00.000","PK, K, g1, g2, g3, g4, g5, g6, g7, g8","N/A","N/A","25%","244",,"Public School Districts",,"September 7, 2020 - September 11, 2020","2020-09-17T00:00:00.000"
"1010011","North Haven School District","2020-09-08T00:00:00.000","N/A","N/A","PK, K, g1, g2, g3, g4, g5, g6, g7, g8, g9, g10, g11, g12","100%","3134",,"Public School Districts",,"September 7, 2020 - September 11, 2020","2020-09-17T00:00:00.000"
"1010161","Elizabeth Ives School for Special Children","2020-08-19T00:00:00.000","N/A","g2, g4, g8, g11, g12","g3, g5, g6, g9, g10","*","14",,"Approved Private Special Education Program",,"September 7, 2020 - September 11, 2020","2020-09-17T00:00:00.000"
"1020011","North Stonington School District","2020-08-31T00:00:00.000","PK","K, g1, g2, g3, g4, g5, g6, g7, g8, g9, g10, g11, g12","N/A","13%","708",,"Public School Districts",,"September 7, 2020 - September 11, 2020","2020-09-17T00:00:00.000"
"1030011","Norwalk School District","2020-09-08T00:00:00.000","PK, K, g1, g2, g3, g4, g5","g6, g7, g8, g9, g10, g11, g12","N/A","31%","11526",,"Public School Districts","Alliance","September 7, 2020 - September 11, 2020","2020-09-17T00:00:00.000"
"1036261","High Road School of Fairfield County","2020-09-08T00:00:00.000","N/A","g1, g3, g4, g5, g8, g9, g10, g11","g6, g7, g12","38%","29",,"Approved Private Special Education Program",,"September 7, 2020 - September 11, 2020","2020-09-17T00:00:00.000"
"1040011","Norwich School District","2020-09-08T00:00:00.000","N/A","PK, K, g1, g2, g3, g4, g5, g6, g7, g8","N/A","32%","3108",,"Public School Districts","Opportunity","September 7, 2020 - September 11, 2020","2020-09-17T00:00:00.000"
"1040721","Natchaug Hospital School Joshua Center Thames Valley CDT","2020-08-31T00:00:00.000","g7, g9, g11, g12","N/A","g8, g10","43%","23",,"Approved Private Special Education Program",,"September 7, 2020 - September 11, 2020","2020-09-17T00:00:00.000"
"1060011","Old Saybrook School District","2020-09-01T00:00:00.000","N/A","PK, K, g1, g2, g3, g4, g5, g6, g7, g8, g9, g10, g11, g12","N/A","9%","1074",,"Public School Districts",,"September 7, 2020 - September 11, 2020","2020-09-17T00:00:00.000"
"1060161","Natchaug Hospital School CDT-Shoreline","2020-08-31T00:00:00.000","g10, g11, g12","N/A","g8, g9","*","9",,"Approved Private Special Education Program",,"September 7, 2020 - September 11, 2020","2020-09-17T00:00:00.000"
"1070011","Orange School District","2020-08-31T00:00:00.000","PK, K, g1, g2, g3, g4, g5, g6","N/A","N/A","12%","1255",,"Public School Districts",,"September 7, 2020 - September 11, 2020","2020-09-17T00:00:00.000"
"1070161","The Foundation School-Orange","2020-09-08T00:00:00.000","PK, K, g1, g2, g3, g4, g5, g6, g7, g8, g9, g10, g11, g12","N/A","N/A","*","32",,"Approved Private Special Education Program",,"September 7, 2020 - September 11, 2020","2020-09-17T00:00:00.000"
"1075061","Hope Academy","2020-09-03T00:00:00.000","N/A","g1, g2, g3, g4, g5, g6, g7, g8, g9, g10, g11, g12","N/A","25%","67",,"Approved Private Special Education Program",,"September 7, 2020 - September 11, 2020","2020-09-17T00:00:00.000"
"1080011","Oxford School District","2020-09-08T00:00:00.000","PK","K, g1, g2, g3, g4, g5, g6, g7, g8, g9, g10, g11, g12","N/A","8%","1635",,"Public School Districts",,"September 7, 2020 - September 11, 2020","2020-09-17T00:00:00.000"
"1090011","Plainfield School District","2020-09-08T00:00:00.000","N/A","PK, K, g1, g2, g3, g4, g5, g6, g7, g8, g9, g10, g11, g12","N/A","24%","2081",,"Public School Districts",,"September 7, 2020 - September 11, 2020","2020-09-17T00:00:00.000"
"1100011","Plainville School District","2020-09-03T00:00:00.000","PK","K, g1, g2, g3, g4, g5, g6, g7, g8, g9, g10, g11, g12","N/A","19%","2254",,"Public School Districts",,"September 7, 2020 - September 11, 2020","2020-09-17T00:00:00.000"
"1100261","Northwest Village School/Wheeler Clinic","2020-08-31T00:00:00.000","N/A","K, g1, g2, g3, g4, g5, g6, g7, g8, g9, g10, g11, g12","N/A","23%","141",,"Approved Private Special Education Program",,"September 7, 2020 - September 11, 2020","2020-09-17T00:00:00.000"
"1105261","Oak Hill School at Middle School of Plainville","2020-07-06T00:00:00.000","g5, g6, g7, g8, g9, g10, g11, g12","N/A","N/A","*","11",,"Approved Private Special Education Program",,"September 7, 2020 - September 11, 2020","2020-09-17T00:00:00.000"
"1106161","Oak Hill School at Haddam-Killingworth High School","2020-07-06T00:00:00.000","g6, g7, g8, g9, g10, g11, g12","N/A","N/A","*","9",,"Approved Private Special Education Program",,"September 7, 2020 - September 11, 2020","2020-09-17T00:00:00.000"
"1110011","Plymouth School District","2020-09-03T00:00:00.000","N/A","PK, K, g1, g2, g3, g4, g5, g6, g7, g8, g9, g10, g11, g12","N/A","18%","1296",,"Public School Districts",,"September 7, 2020 - September 11, 2020","2020-09-17T00:00:00.000"
"1120011","Pomfret School District","2020-08-31T00:00:00.000","N/A","PK, K, g1, g2, g3, g4, g5, g6, g7, g8","N/A","25%","336",,"Public School Districts",,"September 7, 2020 - September 11, 2020","2020-09-17T00:00:00.000"
"1130011","Portland School District","2020-09-01T00:00:00.000","N/A","PK, K, g1, g2, g3, g4, g5, g6, g7, g8, g9, g10, g11, g12","N/A","17%","1274",,"Public School Districts",,"September 7, 2020 - September 11, 2020","2020-09-17T00:00:00.000"
"1130121","Oak Hill School at Portland","2020-07-06T00:00:00.000","PK, K, g1, g2, g3, g4, g5, g6, g7, g8","N/A","N/A","*","*",,"Approved Private Special Education Program",,"September 7, 2020 - September 11, 2020","2020-09-17T00:00:00.000"
"1140011","Preston School District","2020-08-31T00:00:00.000","N/A","PK, K, g1, g2, g3, g4, g5, g6, g7, g8","N/A","11%","433",,"Public School Districts",,"September 7, 2020 - September 11, 2020","2020-09-17T00:00:00.000"
"1160011","Putnam School District","2020-08-27T00:00:00.000","N/A","PK, K, g1, g2, g3, g4, g5, g6, g7, g8, g9, g10, g11, g12","N/A","19%","1100",,"Public School Districts","Alliance","September 7, 2020 - September 11, 2020","2020-09-17T00:00:00.000"
"1170011","Redding School District","2020-09-08T00:00:00.000","N/A","PK, K, g1, g2, g3, g4, g5, g6, g7, g8","N/A","15%","810",,"Public School Districts",,"September 7, 2020 - September 11, 2020","2020-09-17T00:00:00.000"
"1180011","Ridgefield School District","2020-08-28T00:00:00.000","N/A","PK, K, g1, g2, g3, g4, g5, g6, g7, g8, g9, g10, g11, g12","N/A","13%","4540",,"Public School Districts",,"September 7, 2020 - September 11, 2020","2020-09-17T00:00:00.000"
"1190011","Rocky Hill School District","2020-09-08T00:00:00.000","PK, K, g1, g2, g3, g4, g5, g6, g7, g8, g9, g10, g11, g12","N/A","N/A","38%","2628",,"Public School Districts",,"September 7, 2020 - September 11, 2020","2020-09-17T00:00:00.000"
"1210011","Salem School District","2020-08-31T00:00:00.000","PK, K, g1, g2, g3, g4, g5, g6, g7, g8","N/A","N/A","22%","381",,"Public School Districts",,"September 7, 2020 - September 11, 2020","2020-09-17T00:00:00.000"
"1220011","Salisbury School District","2020-09-08T00:00:00.000","PK, K, g1, g2, g3, g4, g5, g6, g7, g8","N/A","N/A","11%","308",,"Public School Districts",,"September 7, 2020 - September 11, 2020","2020-09-17T00:00:00.000"
"1230011","Scotland School District","2020-08-31T00:00:00.000","PK, K, g1, g2, g3, g4, g5, g6","N/A","N/A","*","88",,"Public School Districts",,"September 7, 2020 - September 11, 2020","2020-09-17T00:00:00.000"
"1240011","Seymour School District","2020-09-08T00:00:00.000","N/A","PK, K, g1, g2, g3, g4, g5, g6, g7, g8, g9, g10, g11, g12","N/A","13%","2091",,"Public School Districts",,"September 7, 2020 - September 11, 2020","2020-09-17T00:00:00.000"
"1250011","Sharon School District","2020-09-08T00:00:00.000","K, g1, g2, g3, g4, g5, g6, g7, g8","N/A","N/A","20%","109",,"Public School Districts",,"September 7, 2020 - September 11, 2020","2020-09-17T00:00:00.000"
"1260011","Shelton School District","2020-09-08T00:00:00.000","N/A","PK, K, g1, g2, g3, g4, g5, g6, g7, g8, g9, g10, g11, g12","N/A","18%","4406",,"Public School Districts",,"September 7, 2020 - September 11, 2020","2020-09-17T00:00:00.000"
"1270011","Sherman School District","2020-08-31T00:00:00.000","PK, K, g1, g2, g3, g4, g5, g6, g7, g8","N/A","N/A","9%","245",,"Public School Districts",,"September 7, 2020 - September 11, 2020","2020-09-17T00:00:00.000"
"1280011","Simsbury School District","2020-08-31T00:00:00.000","PK","K, g1, g2, g3, g4, g5, g6, g7, g8, g9, g10, g11, g12","N/A","17%","3946",,"Public School Districts",,"September 7, 2020 - September 11, 2020","2020-09-17T00:00:00.000"
"1290011","Somers School District","2020-09-08T00:00:00.000","PK","K, g1, g2, g3, g4, g5, g6, g7, g8, g9, g10, g11, g12","N/A","11%","1314",,"Public School Districts",,"September 7, 2020 - September 11, 2020","2020-09-17T00:00:00.000"
"1290321","The Speech Academy-Somersville","2020-09-02T00:00:00.000","g1, g2, g3, g6, g8, g12","N/A","N/A","*","6",,"Approved Private Special Education Program",,"September 7, 2020 - September 11, 2020","2020-09-17T00:00:00.000"
"1310011","Southington School District","2020-09-08T00:00:00.000","PK, K, g1, g2, g3, g4, g5, g6, g7, g8","g9, g10, g11, g12","N/A","16%","6156",,"Public School Districts",,"September 7, 2020 - September 11, 2020","2020-09-17T00:00:00.000"
"1320011","South Windsor School District","2020-09-08T00:00:00.000","N/A","PK, K, g1, g2, g3, g4, g5, g6, g7, g8, g9, g10, g11, g12","N/A","31%","4580",,"Public School Districts",,"September 7, 2020 - September 11, 2020","2020-09-17T00:00:00.000"
"1330011","Sprague School District","2020-08-31T00:00:00.000","N/A","PK, K, g1, g2, g3, g4, g5, g6, g7, g8","N/A","20%","248",,"Public School Districts",,"September 7, 2020 - September 11, 2020","2020-09-17T00:00:00.000"
"1340011","Stafford School District","2020-09-08T00:00:00.000","N/A","PK, K, g1, g2, g3, g4, g5, g6, g7, g8, g9, g10, g11, g12","N/A","21%","1347",,"Public School Districts",,"September 7, 2020 - September 11, 2020","2020-09-17T00:00:00.000"
"1350011","Stamford School District","2020-09-08T00:00:00.000","N/A","PK, K, g1, g2, g3, g4, g5, g6, g7, g8, g9, g10, g11, g12","N/A","22%","16773",,"Public School Districts","Alliance","September 7, 2020 - September 11, 2020","2020-09-17T00:00:00.000"
"1350161","Villa Maria Education Center","2020-09-03T00:00:00.000","g1, g2, g3, g4, g5, g6, g7, g8","N/A","N/A","*","13",,"Approved Private Special Education Program",,"September 7, 2020 - September 11, 2020","2020-09-17T00:00:00.000"
"1351321","IPPI Learning Academy: Stamford","2020-09-03T00:00:00.000","N/A","K, g1, g2, g3, g4, g5, g6, g7, g8, g9, g10, g11, g12","N/A","*","19",,"Approved Private Special Education Program",,"September 7, 2020 - September 11, 2020","2020-09-17T00:00:00.000"
"1356621","The Spire School","2020-09-08T00:00:00.000","N/A","g6, g7, g8, g9, g10, g11, g12","N/A","*","41",,"Approved Private Special Education Program",,"September 7, 2020 - September 11, 2020","2020-09-17T00:00:00.000"
"1356721","The Pinnacle School, LLC","2020-09-08T00:00:00.000","g2, g3, g4, g5, g6, g7, g8, g9, g10, g11, g12","N/A","N/A","15%","68",,"Approved Private Special Education Program",,"September 7, 2020 - September 11, 2020","2020-09-17T00:00:00.000"
"1360011","Sterling School District","2020-08-31T00:00:00.000","PK, K, g1, g2, g3, g4, g5, g6, g7, g8","N/A","N/A","26%","309",,"Public School Districts",,"September 7, 2020 - September 11, 2020","2020-09-17T00:00:00.000"
"1370011","Stonington School District","2020-09-08T00:00:00.000","PK","K, g1, g2, g3, g4, g5, g6, g7, g8, g9, g10, g11, g12","N/A","17%","1891",,"Public School Districts",,"September 7, 2020 - September 11, 2020","2020-09-17T00:00:00.000"
"1380011","Stratford School District","2020-09-09T00:00:00.000","PK","K, g1, g2, g3, g4, g5, g6, g7, g8, g9, g10, g11, g12","N/A","22%","6727",,"Public School Districts",,"September 7, 2020 - September 11, 2020","2020-09-17T00:00:00.000"
"1380121","IPPI Learning Academy: Stratford","2020-09-03T00:00:00.000","N/A","K, g1, g2, g3, g4, g5, g6, g7, g8, g9, g10, g11, g12","N/A","18%","65",,"Approved Private Special Education Program",,"September 7, 2020 - September 11, 2020","2020-09-17T00:00:00.000"
"1390011","Suffield School District","2020-08-31T00:00:00.000","N/A","PK, K, g1, g2, g3, g4, g5, g6, g7, g8, g9, g10, g11, g12","N/A","19%","2075",,"Public School Districts",,"September 7, 2020 - September 11, 2020","2020-09-17T00:00:00.000"
"1400011","Thomaston School District","2020-09-01T00:00:00.000","N/A","PK, K, g1, g2, g3, g4, g5, g6, g7, g8, g9, g10, g11, g12","N/A","18%","816",,"Public School Districts",,"September 7, 2020 - September 11, 2020","2020-09-17T00:00:00.000"
"1410011","Thompson School District","2020-08-31T00:00:00.000","PK, K, g1, g2, g3, g4, g5, g6, g7, g8, g9, g10, g11, g12","N/A","N/A","26%","971",,"Public School Districts","Alliance","September 7, 2020 - September 11, 2020","2020-09-17T00:00:00.000"
"1410161","River Run Academy at the Susan Wayne Center of Excellence","2020-08-31T00:00:00.000","N/A","g5, g6, g7, g8, g9, g10, g11, g12","N/A",,"46",,"Approved Private Special Education Program",,"September 7, 2020 - September 11, 2020","2020-09-17T00:00:00.000"
"1410221","Bradley School-Windham County","2020-08-26T00:00:00.000","g2, g3, g4, g5, g6, g7, g8, g9, g10, g11, g12","N/A","N/A","*","13",,"Approved Private Special Education Program",,"September 7, 2020 - September 11, 2020","2020-09-17T00:00:00.000"
"1420011","Tolland School District","2020-09-08T00:00:00.000","PK, K","g1, g2, g3, g4, g5, g6, g7, g8, g9, g10, g11, g12","N/A","14%","2243",,"Public School Districts",,"September 7, 2020 - September 11, 2020","2020-09-17T00:00:00.000"
"1430011","Torrington School District","2020-09-08T00:00:00.000","N/A","PK, K, g1, g2, g3, g4, g5, g6, g7, g8, g9, g10, g11, g12","N/A","30%","3671",,"Public School Districts","Alliance","September 7, 2020 - September 11, 2020","2020-09-17T00:00:00.000"
"1440011","Trumbull School District","2020-09-08T00:00:00.000","N/A","PK, K, g1, g2, g3, g4, g5, g6, g7, g8, g9, g10, g11, g12","N/A","14%","6746",,"Public School Districts",,"September 7, 2020 - September 11, 2020","2020-09-17T00:00:00.000"
"1440161","St. Vincent's Special Needs School Program","2020-09-08T00:00:00.000","PK, K, g1, g2, g3, g4, g5, g6, g7, g8, g9, g10, g11, g12","N/A","N/A","35%","77",,"Approved Private Special Education Program",,"September 7, 2020 - September 11, 2020","2020-09-17T00:00:00.000"
"1450011","Union School District","2020-09-08T00:00:00.000","PK, K, g1, g2, g3, g4, g5, g6, g7, g8","N/A","N/A","24%","46",,"Public School Districts",,"September 7, 2020 - September 11, 2020","2020-09-17T00:00:00.000"
"1460011","Vernon School District","2020-08-31T00:00:00.000","N/A","PK, K, g1, g2, g3, g4, g5, g6, g7, g8, g9, g10, g11, g12","N/A","28%","3040",,"Public School Districts","Alliance","September 7, 2020 - September 11, 2020","2020-09-17T00:00:00.000"
"1470011","Voluntown School District","2020-08-31T00:00:00.000","N/A","K, g1, g2, g3, g4, g5, g6, g7, g8","N/A","22%","211",,"Public School Districts",,"September 7, 2020 - September 11, 2020","2020-09-17T00:00:00.000"
"1480011","Wallingford School District","2020-09-03T00:00:00.000","PK, K, g1, g2, g3, g4, g5","g6, g7, g8, g9, g10, g11, g12","N/A","22%","5404",,"Public School Districts",,"September 7, 2020 - September 11, 2020","2020-09-17T00:00:00.000"
"1480161","Benhaven School","2020-08-03T00:00:00.000","N/A","K, g1, g2, g3, g4, g5, g6, g7, g8, g9, g10, g11, g12","N/A","20%","40",,"Approved Private Special Education Program",,"September 7, 2020 - September 11, 2020","2020-09-17T00:00:00.000"
"1480461","Benhaven Academy","2020-09-01T00:00:00.000","g6, g7, g8, g9, g11, g12","N/A","g4, g5, g10","*","28",,"Approved Private Special Education Program",,"September 7, 2020 - September 11, 2020","2020-09-17T00:00:00.000"
"1480521","High Road Academy - BEST Academy","2020-08-31T00:00:00.000","N/A","PK, K, g1, g2, g3, g4, g5, g6, g7, g8, g9, g10, g11, g12","N/A","21%","39",,"Approved Private Special Education Program",,"September 7, 2020 - September 11, 2020","2020-09-17T00:00:00.000"
"1485061","High Road School of Wallingford","2020-08-31T00:00:00.000","N/A","K, g1, g2, g3, g4, g5, g6, g7, g8, g9, g10, g11, g12","N/A","30%","71",,"Approved Private Special Education Program",,"September 7, 2020 - September 11, 2020","2020-09-17T00:00:00.000"
"1500161","Devereux Glenholme School","2020-09-10T00:00:00.000","g7, g8, g9, g10, g11, g12","N/A","N/A","26%","65",,"Approved Private Special Education Program",,"September 7, 2020 - September 11, 2020","2020-09-17T00:00:00.000"
"1510011","Waterbury School District","2020-09-08T00:00:00.000","PK, K, g1, g2, g3, g4, g5, g6, g7, g8, g9, g10, g11, g12","N/A","N/A","55%","18357",,"Public School Districts","Opportunity","September 7, 2020 - September 11, 2020","2020-09-17T00:00:00.000"
"1520011","Waterford School District","2020-08-31T00:00:00.000","N/A","PK, K, g1, g2, g3, g4, g5, g6, g7, g8, g9, g10, g11, g12","N/A","17%","2338",,"Public School Districts",,"September 7, 2020 - September 11, 2020","2020-09-17T00:00:00.000"
"1520161","Waterford Country School","2020-08-31T00:00:00.000","g1, g2, g3, g4, g5, g6, g7, g8, g9, g10, g11, g12","N/A","N/A","*","66",,"Approved Private Special Education Program",,"September 7, 2020 - September 11, 2020","2020-09-17T00:00:00.000"
"1530011","Watertown School District","2020-09-08T00:00:00.000","PK, K, g1, g2, g3, g4, g5, g6, g7","g8, g9, g10, g11, g12","N/A","12%","2676",,"Public School Districts",,"September 7, 2020 - September 11, 2020","2020-09-17T00:00:00.000"
"1540011","Westbrook School District","2020-09-01T00:00:00.000","PK, K, g1, g2, g3, g4, g5, g6, g7, g8, g9, g10, g11, g12","N/A","N/A","13%","648",,"Public School Districts",,"September 7, 2020 - September 11, 2020","2020-09-17T00:00:00.000"
"1550011","West Hartford School District","2020-09-08T00:00:00.000","N/A","PK, K, g1, g2, g3, g4, g5, g6, g7, g8, g9, g10, g11, g12","N/A","16%","9229",,"Public School Districts",,"September 7, 2020 - September 11, 2020","2020-09-17T00:00:00.000"
"1550161","Gengras Center","2020-09-08T00:00:00.000","PK, K, g1, g2, g3, g4, g5, g6, g7, g8, g9, g10, g11, g12","N/A","N/A","22%","135",,"Approved Private Special Education Program",,"September 7, 2020 - September 11, 2020","2020-09-17T00:00:00.000"
"1550261","Intensive Education Academy","2020-09-08T00:00:00.000","g1, g2, g4, g5, g6, g7, g8, g9, g10, g11, g12","N/A","N/A","29%","72",,"Approved Private Special Education Program",,"September 7, 2020 - September 11, 2020","2020-09-17T00:00:00.000"
"1550361","American School for the Deaf","2020-09-02T00:00:00.000","N/A","N/A","N/A",,"90",,"Approved Private Special Education Program",,"September 7, 2020 - September 11, 2020","2020-09-17T00:00:00.000"
"1550561","Ben Bronz Academy","2020-09-08T00:00:00.000","N/A","g2, g3, g4, g5, g6, g7, g8, g9, g10, g11, g12","N/A","*","48",,"Approved Private Special Education Program",,"September 7, 2020 - September 11, 2020","2020-09-17T00:00:00.000"
"1550861","PACES","2020-09-02T00:00:00.000","N/A","N/A","N/A","*","9",,"Approved Private Special Education Program",,"September 7, 2020 - September 11, 2020","2020-09-17T00:00:00.000"
"1560011","West Haven School District","2020-09-08T00:00:00.000","PK, K, g1, g2, g3, g4, g5, g6, g7, g8, g9, g10, g11, g12","N/A","N/A","28%","5681",,"Public School Districts","Alliance","September 7, 2020 - September 11, 2020","2020-09-17T00:00:00.000"
"1570011","Weston School District","2020-09-08T00:00:00.000","PK","K, g1, g2, g3, g4, g5, g6, g7, g8, g9, g10, g11, g12","N/A","13%","2279",,"Public School Districts",,"September 7, 2020 - September 11, 2020","2020-09-17T00:00:00.000"
"1580011","Westport School District","2020-09-08T00:00:00.000","PK","K, g1, g2, g3, g4, g5, g6, g7, g8, g9, g10, g11, g12","N/A","8%","5348",,"Public School Districts",,"September 7, 2020 - September 11, 2020","2020-09-17T00:00:00.000"
"1590011","Wethersfield School District","2020-09-01T00:00:00.000","N/A","PK, K, g1, g2, g3, g4, g5, g6, g7, g8, g9, g10, g11, g12","N/A","16%","3537",,"Public School Districts",,"September 7, 2020 - September 11, 2020","2020-09-17T00:00:00.000"
"1600011","Willington School District","2020-09-08T00:00:00.000","PK, K, g1, g2, g3, g4, g5, g6, g7, g8","N/A","N/A","25%","404",,"Public School Districts",,"September 7, 2020 - September 11, 2020","2020-09-17T00:00:00.000"
"1610011","Wilton School District","2020-08-31T00:00:00.000","N/A","PK, K, g1, g2, g3, g4, g5, g6, g7, g8, g9, g10, g11, g12","N/A","12%","3745",,"Public School Districts",,"September 7, 2020 - September 11, 2020","2020-09-17T00:00:00.000"
"1610221","Westport Day School","2020-09-08T00:00:00.000","N/A","g8, g9, g10, g11, g12","N/A","*","15",,"Approved Private Special Education Program",,"September 7, 2020 - September 11, 2020","2020-09-17T00:00:00.000"
"1620011","Winchester School District","2020-08-31T00:00:00.000","PK, K, g1, g2, g3, g4, g5, g6","N/A","N/A","18%","536",,"Public School Districts","Alliance","September 7, 2020 - September 11, 2020","2020-09-17T00:00:00.000"
"1630011","Windham School District","2020-09-08T00:00:00.000","N/A","PK, K, g1, g2, g3, g4, g5, g6, g7, g8, g9, g10, g11, g12","N/A","31%","3258",,"Public School Districts","Alliance","September 7, 2020 - September 11, 2020","2020-09-17T00:00:00.000"
"1640011","Windsor School District","2020-09-08T00:00:00.000","N/A","PK, K, g1, g2, g3, g4, g5, g6, g7, g8, g9, g10, g11, g12","N/A","29%","3332",,"Public School Districts","Alliance","September 7, 2020 - September 11, 2020","2020-09-17T00:00:00.000"
"1650011","Windsor Locks School District","2020-09-08T00:00:00.000","PK, K, g1, g2, g3, g4, g5, g6, g7, g8, g9, g10, g11, g12","N/A","N/A","33%","1546",,"Public School Districts","Alliance","September 7, 2020 - September 11, 2020","2020-09-17T00:00:00.000"
"1660011","Wolcott School District","2020-09-08T00:00:00.000","N/A","PK, K, g1, g2, g3, g4, g5, g6, g7, g8, g9, g10, g11, g12","N/A","15%","2150",,"Public School Districts",,"September 7, 2020 - September 11, 2020","2020-09-17T00:00:00.000"
"1690011","Woodstock School District","2020-08-30T00:00:00.000","N/A","PK, K, g1, g2, g3, g4, g5, g6, g7, g8","N/A","14%","923",,"Public School Districts",,"September 7, 2020 - September 11, 2020","2020-09-17T00:00:00.000"
"2010012","Regional School District 01","2020-09-08T00:00:00.000","N/A","g9, g10, g11, g12","N/A","18%","319",,"Regional School Districts",,"September 7, 2020 - September 11, 2020","2020-09-17T00:00:00.000"
"2040012","Regional School District 04","2020-09-01T00:00:00.000","N/A","g7, g8, g9, g10, g11, g12","N/A","14%","824",,"Regional School Districts",,"September 7, 2020 - September 11, 2020","2020-09-17T00:00:00.000"
"2050012","Regional School District 05","2020-08-31T00:00:00.000","N/A","g7, g8, g9, g10, g11, g12","N/A","11%","2172",,"Regional School Districts",,"September 7, 2020 - September 11, 2020","2020-09-17T00:00:00.000"
"2060012","Regional School District 06","2020-08-26T00:00:00.000","PK, K, g1, g2, g3, g4, g5, g6, g7, g8, g9, g10, g11, g12","N/A","N/A","11%","888",,"Regional School Districts",,"September 7, 2020 - September 11, 2020","2020-09-17T00:00:00.000"
"2070012","Regional School District 07","2020-08-31T00:00:00.000","N/A","g7, g8, g9, g10, g11, g12","N/A","10%","989",,"Regional School Districts",,"September 7, 2020 - September 11, 2020","2020-09-17T00:00:00.000"
"2080012","Regional School District 08","2020-09-08T00:00:00.000","N/A","g7, g8, g9, g10, g11, g12","N/A","10%","1282",,"Regional School Districts",,"September 7, 2020 - September 11, 2020","2020-09-17T00:00:00.000"
"2090012","Regional School District 09","2020-09-08T00:00:00.000","N/A","g9, g10, g11, g12","N/A","7%","828",,"Regional School Districts",,"September 7, 2020 - September 11, 2020","2020-09-17T00:00:00.000"
"2100012","Regional School District 10","2020-08-31T00:00:00.000","N/A","PK, K, g1, g2, g3, g4, g5, g6, g7, g8, g9, g10, g11, g12","N/A","10%","2200",,"Regional School Districts",,"September 7, 2020 - September 11, 2020","2020-09-17T00:00:00.000"
"2110012","Regional School District 11","2020-08-31T00:00:00.000","g7, g8, g9, g10, g11, g12","N/A","N/A","15%","205",,"Regional School Districts",,"September 7, 2020 - September 11, 2020","2020-09-17T00:00:00.000"
"2120012","Regional School District 12","2020-08-31T00:00:00.000","PK, K, g1, g2, g3, g4, g5, g6, g7, g8, g9, g10, g11, g12","N/A","N/A","18%","691",,"Regional School Districts",,"September 7, 2020 - September 11, 2020","2020-09-17T00:00:00.000"
"2130012","Regional School District 13","2020-09-03T00:00:00.000","N/A","PK, K, g1, g2, g3, g4, g5, g6, g7, g8, g9, g10, g11, g12","N/A","13%","1423",,"Regional School Districts",,"September 7, 2020 - September 11, 2020","2020-09-17T00:00:00.000"
"2140012","Regional School District 14","2020-09-08T00:00:00.000","PK, K, g1, g2, g3, g4, g5, g6","g7, g8, g9, g10, g11, g12","N/A","13%","1583",,"Regional School Districts",,"September 7, 2020 - September 11, 2020","2020-09-17T00:00:00.000"
"2150012","Regional School District 15","2020-09-01T00:00:00.000","PK, K, g1, g2, g3, g4, g5, g6, g7, g8","g9, g10, g11, g12","N/A","13%","3497",,"Regional School Districts",,"September 7, 2020 - September 11, 2020","2020-09-17T00:00:00.000"
"2160012","Regional School District 16","2020-09-01T00:00:00.000","K, g1, g2, g3, g4, g5","g6, g7, g8, g9, g10, g11, g12","N/A","10%","2005",,"Regional School Districts",,"September 7, 2020 - September 11, 2020","2020-09-17T00:00:00.000"
"2170012","Regional School District 17","2020-09-01T00:00:00.000","PK","K, g1, g2, g3, g4, g5, g6, g7, g8, g9, g10, g11, g12","N/A","11%","1876",,"Regional School Districts",,"September 7, 2020 - September 11, 2020","2020-09-17T00:00:00.000"
"2180012","Regional School District 18","2020-09-01T00:00:00.000","PK, K, g1, g2, g3, g4, g5, g6, g7, g8, g9, g10, g11, g12","N/A","N/A","10%","1286",,"Regional School Districts",,"September 7, 2020 - September 11, 2020","2020-09-17T00:00:00.000"
"2410014","Capitol Region Education Council","2020-09-09T00:00:00.000","PK, K, g1, g2, g3, g4, g5, g6, g7, g8, g9, g10, g11, g12","N/A","N/A","34%","8501",,"Regional Education Service Center School Districts",,"September 7, 2020 - September 11, 2020","2020-09-17T00:00:00.000"
"2420014","EdAdvance","2020-08-26T00:00:00.000","PK, K, g1, g2, g3, g4, g5, g6, g7, g8, g9, g10, g11, g12","N/A","N/A","14%","238",,"Regional Education Service Center School Districts",,"September 7, 2020 - September 11, 2020","2020-09-17T00:00:00.000"
"2430014","Cooperative Educational Services","2020-09-01T00:00:00.000","PK, K, g1, g2, g3, g4, g5, g6, g7, g8, g9, g10, g11, g12","N/A","N/A","21%","783",,"Regional Education Service Center School Districts",,"September 7, 2020 - September 11, 2020","2020-09-17T00:00:00.000"
"2440014","Area Cooperative Educational Services","2020-09-03T00:00:00.000","K, g1, g2, g3, g4, g5, g9, g10, g11, g12","g6, g7, g8","N/A","16%","2692",,"Regional Education Service Center School Districts",,"September 7, 2020 - September 11, 2020","2020-09-17T00:00:00.000"
"2450014","Learn","2020-09-08T00:00:00.000","N/A","PK, K, g1, g2, g3, g4, g5, g6, g7, g8, g9, g10, g11, g12","N/A","29%","2303",,"Regional Education Service Center School Districts",,"September 7, 2020 - September 11, 2020","2020-09-17T00:00:00.000"
"2530014","Eastern Connecticut Regional Educational Service Center (EASTCONN)","2020-09-08T00:00:00.000","K, g1, g2, g3, g4, g5, g6, g7, g8","g9, g10, g11, g12","N/A","27%","449",,"Regional Education Service Center School Districts",,"September 7, 2020 - September 11, 2020","2020-09-17T00:00:00.000"
"2610013","Jumoke Academy District","2020-09-03T00:00:00.000","PK, K, g1, g2, g3, g4, g5, g6, g7, g8","N/A","N/A","37%","663",,"Public Charter School Districts",,"September 7, 2020 - September 11, 2020","2020-09-17T00:00:00.000"
"2630013","Odyssey Community School District","2020-09-02T00:00:00.000","N/A","K, g1, g2, g3, g4, g5, g6, g7, g8","N/A","42%","328",,"Public Charter School Districts",,"September 7, 2020 - September 11, 2020","2020-09-17T00:00:00.000"
"2640013","Integrated Day Charter School District","2020-08-31T00:00:00.000","N/A","PK, K, g1, g2, g3, g4, g5, g6, g7, g8","N/A","30%","353",,"Public Charter School Districts",,"September 7, 2020 - September 11, 2020","2020-09-17T00:00:00.000"
"2650013","Interdistrict School for Arts and Comm District","2020-08-31T00:00:00.000","N/A","g6, g7, g8","N/A","41%","279",,"Public Charter School Districts",,"September 7, 2020 - September 11, 2020","2020-09-17T00:00:00.000"
"2680013","Common Ground High School District","2020-09-04T00:00:00.000","N/A","g9, g10, g11, g12","N/A","41%","236",,"Public Charter School Districts",,"September 7, 2020 - September 11, 2020","2020-09-17T00:00:00.000"
"2690013","The Bridge Academy District","2020-09-08T00:00:00.000","N/A","g7, g8, g9, g10, g11, g12","N/A","34%","289",,"Public Charter School Districts",,"September 7, 2020 - September 11, 2020","2020-09-17T00:00:00.000"
"2700013","Side By Side Charter School District","2020-09-08T00:00:00.000","N/A","PK, K, g1, g2, g3, g4, g5, g6, g7, g8","N/A","16%","234",,"Public Charter School Districts",,"September 7, 2020 - September 11, 2020","2020-09-17T00:00:00.000"
"2720013","Explorations District","2020-08-31T00:00:00.000","N/A","g9, g10, g11, g12","N/A","19%","84",,"Public Charter School Districts",,"September 7, 2020 - September 11, 2020","2020-09-17T00:00:00.000"
"2790013","Amistad Academy District","2020-09-02T00:00:00.000","N/A","N/A","K, g1, g2, g3, g4, g5, g6, g7, g8, g9, g10, g11, g12","100%","1606",,"Public Charter School Districts",,"September 7, 2020 - September 11, 2020","2020-09-17T00:00:00.000"
"2800013","New Beginnings Inc Family Academy District","2020-09-08T00:00:00.000","PK","K, g1, g2, g3, g4, g5, g6, g7, g8","N/A","31%","478",,"Public Charter School Districts",,"September 7, 2020 - September 11, 2020","2020-09-17T00:00:00.000"
"2830013","Park City Prep Charter School District","2020-09-08T00:00:00.000","N/A","g5, g6, g7, g8","N/A","32%","360",,"Public Charter School Districts",,"September 7, 2020 - September 11, 2020","2020-09-17T00:00:00.000"
"2850013","Achievement First Bridgeport Academy District","2020-09-02T00:00:00.000","N/A","N/A","K, g1, g2, g3, g4, g5, g6, g7, g8","100%","838",,"Public Charter School Districts",,"September 7, 2020 - September 11, 2020","2020-09-17T00:00:00.000"
"2860013","Highville Charter School District","2020-09-08T00:00:00.000","N/A","N/A","PK, K, g1, g2, g3, g4, g5, g6, g7, g8, g9, g10, g11, g12","100%","449",,"Public Charter School Districts",,"September 7, 2020 - September 11, 2020","2020-09-17T00:00:00.000"
"2880013","Achievement First Hartford Academy District","2020-09-02T00:00:00.000","N/A","N/A","K, g1, g2, g3, g4, g5, g6, g7, g8, g9, g10, g11, g12","100%","1213",,"Public Charter School Districts",,"September 7, 2020 - September 11, 2020","2020-09-17T00:00:00.000"
"2890013","Elm City College Preparatory School District","2020-09-02T00:00:00.000","N/A","N/A","K, g1, g2, g3, g4, g5, g6, g7, g8","100%","586",,"Public Charter School Districts",,"September 7, 2020 - September 11, 2020","2020-09-17T00:00:00.000"
"2900013","Brass City Charter School District","2020-09-08T00:00:00.000","PK, K, g1, g2, g3, g4, g5, g6, g7, g8","N/A","N/A","47%","358",,"Public Charter School Districts",,"September 7, 2020 - September 11, 2020","2020-09-17T00:00:00.000"
"2910013","Elm City Montessori School District","2020-09-03T00:00:00.000","N/A","N/A","PK, K, g1, g2, g3, g4, g5, g6","100%","260",,"Public Charter School Districts",,"September 7, 2020 - September 11, 2020","2020-09-17T00:00:00.000"
"2940013","Great Oaks Charter School District","2020-09-08T00:00:00.000","N/A","g6, g7, g8, g9, g10, g11, g12","N/A","33%","661",,"Public Charter School Districts",,"September 7, 2020 - September 11, 2020","2020-09-17T00:00:00.000"
"2950013","Booker T. Washington Academy District","2020-09-03T00:00:00.000","N/A","K, g1, g2, g3, g4, g5, g6, g7","N/A","38%","451",,"Public Charter School Districts",,"September 7, 2020 - September 11, 2020","2020-09-17T00:00:00.000"
"2960013","Stamford Charter School for Excellence District","2020-09-08T00:00:00.000","N/A","K, g1, g2, g3, g4, g5, g6","N/A","44%","385",,"Public Charter School Districts",,"September 7, 2020 - September 11, 2020","2020-09-17T00:00:00.000"
"2970013","Capital Preparatory Harbor School District","2020-08-31T00:00:00.000","N/A","N/A","K, g1, g2, g3, g4, g5, g6, g7, g8, g9, g10, g11, g12","99%","772",,"Public Charter School Districts",,"September 7, 2020 - September 11, 2020","2020-09-17T00:00:00.000"
"9000016","Connecticut Technical Education and Career System","2020-09-02T00:00:00.000","g9","g10, g11","g12","41%","11361",,"CT Technical Education and Career Districts",,"September 7, 2020 - September 11, 2020","2020-09-17T00:00:00.000"
"9010022","Norwich Free Academy District","2020-08-31T00:00:00.000","N/A","g9, g10, g11, g12","N/A","19%","2103",,"Endowed and Incorporated Academies Districts",,"September 7, 2020 - September 11, 2020","2020-09-17T00:00:00.000"
"9020022","The Gilbert School District","2020-09-08T00:00:00.000","N/A","g7, g8, g9, g10, g11, g12","N/A","15%","438",,"Endowed and Incorporated Academies Districts",,"September 7, 2020 - September 11, 2020","2020-09-17T00:00:00.000"
"9030022","The Woodstock Academy District","2020-09-01T00:00:00.000","N/A","N/A","g9, g10, g11, g12","98%","1084",,"Endowed and Incorporated Academies Districts",,"September 7, 2020 - September 11, 2020","2020-09-17T00:00:00.000"
